id,name,desc,color,itemType,heroId,price,heroLevel,imgId,addExp,overlay 
0,名字,描述,物品颜色,物品类型,,价格,英雄等级,图片,经验加成,叠加上线
100,元宝,通过人民币购买的,green,0,0,1,0,100,1,10000000
101,银币,游戏内流通货币，一般等价物,green,1,0,1,0,101,1,10000000
1000,经验丹,用于英雄升级的经验药水,green,7,0,10,1,1000,30,10000
6000,刘备碎片,20个碎片可以合成一个,yellow,8,2,,2,lvbuliubei,20,10000
6001,关羽碎片,20个碎片可以合成一个,yellow,8,12,,3,guanyu,20,10000
6002,张飞碎片,20个碎片可以合成一个,yellow,8,3,,4,zhangfei,20,10000
6003,吕布碎片,20个碎片可以合成一个,yellow,8,1,,5,lvbu,20,10000
6011,许褚碎片,10个碎片可以合成一个,blue,8,8,,6,xuchu,10,10001
6012,孙尚香碎片,10个碎片可以合成一个,blue,8,9,,7,sunshangxiang,10,10002
6013,夏侯惇碎片,10个碎片可以合成一个,blue,8,11,,8,xiahoudun,10,10003
